universe,symbol,name,market,source,as_of
KOSDAQ150,000250.KQ,Sam Chun Dang Pharm,KOSDAQ,Investing.com KOSDAQ150,2026-06-04
KOSDAQ150,005290.KQ,Dongjin Semichem,KOSDAQ,Investing.com KOSDAQ150,2026-06-04
KOSDAQ150,006730.KQ,Seobu T&D,KOSDAQ,Investing.com KOSDAQ150,2026-06-04
KOSDAQ150,007390.KQ,Nature Cell,KOSDAQ,Investing.com KOSDAQ150,2026-06-04
KOSDAQ150,009520.KQ,Posco M-Tech,KOSDAQ,Investing.com KOSDAQ150,2026-06-04
KOSDAQ150,014620.KQ,Sung Kwang Bend,KOSDAQ,Investing.com KOSDAQ150,2026-06-04
KOSDAQ150,015750.KQ,Sungwoo Hitech,KOSDAQ,Investing.com KOSDAQ150,2026-06-04
KOSDAQ150,018290.KQ,VT GMP,KOSDAQ,Investing.com KOSDAQ150,2026-06-04
KOSDAQ150,025320.KQ,Synopex,KOSDAQ,Investing.com KOSDAQ150,2026-06-04
KOSDAQ150,025900.KQ,Dongwha Enterprise,KOSDAQ,Investing.com KOSDAQ150,2026-06-04
KOSDAQ150,025980.KQ,Ananti,KOSDAQ,Investing.com KOSDAQ150,2026-06-04
KOSDAQ150,028300.KQ,HLB,KOSDAQ,Investing.com KOSDAQ150,2026-06-04
KOSDAQ150,030520.KQ,Hancom,KOSDAQ,Investing.com KOSDAQ150,2026-06-04
KOSDAQ150,031980.KQ,PSK,KOSDAQ,Investing.com KOSDAQ150,2026-06-04
KOSDAQ150,032190.KQ,Daou Data,KOSDAQ,Investing.com KOSDAQ150,2026-06-04
KOSDAQ150,032500.KQ,KMW,KOSDAQ,Investing.com KOSDAQ150,2026-06-04
KOSDAQ150,033100.KQ,Cheryong Electric,KOSDAQ,Investing.com KOSDAQ150,2026-06-04
KOSDAQ150,033500.KQ,Dongsung Finetec,KOSDAQ,Investing.com KOSDAQ150,2026-06-04
KOSDAQ150,035760.KQ,CJ ENM,KOSDAQ,Investing.com KOSDAQ150,2026-06-04
KOSDAQ150,035900.KQ,JYP Entertainment,KOSDAQ,Investing.com KOSDAQ150,2026-06-04
KOSDAQ150,036540.KQ,SFA Semicon,KOSDAQ,Investing.com KOSDAQ150,2026-06-04
KOSDAQ150,036620.KQ,Gamsung,KOSDAQ,Investing.com KOSDAQ150,2026-06-04
KOSDAQ150,036830.KQ,Soulbrain,KOSDAQ,Investing.com KOSDAQ150,2026-06-04
KOSDAQ150,036930.KQ,Jusung Engineering,KOSDAQ,Investing.com KOSDAQ150,2026-06-04
KOSDAQ150,036810.KQ,Fine Semitech,KOSDAQ,Investing.com KOSDAQ150,2026-06-04
KOSDAQ150,039030.KQ,EO Technics,KOSDAQ,Investing.com KOSDAQ150,2026-06-04
KOSDAQ150,039200.KQ,Oscotec,KOSDAQ,Investing.com KOSDAQ150,2026-06-04
KOSDAQ150,041190.KQ,Woori Tech Investment,KOSDAQ,Investing.com KOSDAQ150,2026-06-04
KOSDAQ150,041510.KQ,S.M. Entertainment Co,KOSDAQ,Investing.com KOSDAQ150,2026-06-04
KOSDAQ150,046890.KQ,Seoul Semiconductor,KOSDAQ,Investing.com KOSDAQ150,2026-06-04
KOSDAQ150,048410.KQ,Hyundai IBT,KOSDAQ,Investing.com KOSDAQ150,2026-06-04
KOSDAQ150,050890.KQ,Solid,KOSDAQ,Investing.com KOSDAQ150,2026-06-04
KOSDAQ150,052400.KQ,Kona I,KOSDAQ,Investing.com KOSDAQ150,2026-06-04
KOSDAQ150,053030.KQ,Binex,KOSDAQ,Investing.com KOSDAQ150,2026-06-04
KOSDAQ150,053800.KQ,Ahnlab,KOSDAQ,Investing.com KOSDAQ150,2026-06-04
KOSDAQ150,056080.KQ,Yujin Robot,KOSDAQ,Investing.com KOSDAQ150,2026-06-04
KOSDAQ150,056190.KQ,SFA Engineering,KOSDAQ,Investing.com KOSDAQ150,2026-06-04
KOSDAQ150,058470.KQ,Leeno Industrial,KOSDAQ,Investing.com KOSDAQ150,2026-06-04
KOSDAQ150,058610.KQ,SPG,KOSDAQ,Investing.com KOSDAQ150,2026-06-04
KOSDAQ150,059090.KQ,MiCo Ltd,KOSDAQ,Investing.com KOSDAQ150,2026-06-04
KOSDAQ150,060250.KQ,NHN KCP,KOSDAQ,Investing.com KOSDAQ150,2026-06-04
KOSDAQ150,060280.KQ,Curexo,KOSDAQ,Investing.com KOSDAQ150,2026-06-04
KOSDAQ150,060370.KQ,LS Marine Solution,KOSDAQ,Investing.com KOSDAQ150,2026-06-04
KOSDAQ150,064760.KQ,Tokai Carbon Korea,KOSDAQ,Investing.com KOSDAQ150,2026-06-04
KOSDAQ150,065350.KQ,Shinsung Delta Tech,KOSDAQ,Investing.com KOSDAQ150,2026-06-04
KOSDAQ150,067160.KQ,Soop,KOSDAQ,Investing.com KOSDAQ150,2026-06-04
KOSDAQ150,067310.KQ,Hana Micron,KOSDAQ,Investing.com KOSDAQ150,2026-06-04
KOSDAQ150,068760.KQ,Celltrion Pharm,KOSDAQ,Investing.com KOSDAQ150,2026-06-04
KOSDAQ150,069080.KQ,Webzen,KOSDAQ,Investing.com KOSDAQ150,2026-06-04
KOSDAQ150,074600.KQ,Wonik QnC,KOSDAQ,Investing.com KOSDAQ150,2026-06-04
KOSDAQ150,078340.KQ,Com2uS,KOSDAQ,Investing.com KOSDAQ150,2026-06-04
KOSDAQ150,078600.KQ,Daejoo Electronic Materials,KOSDAQ,Investing.com KOSDAQ150,2026-06-04
KOSDAQ150,079370.KQ,Zeus,KOSDAQ,Investing.com KOSDAQ150,2026-06-04
KOSDAQ150,080220.KQ,Jeju Semiconductor,KOSDAQ,Investing.com KOSDAQ150,2026-06-04
KOSDAQ150,082270.KQ,GemVax & KAEL,KOSDAQ,Investing.com KOSDAQ150,2026-06-04
KOSDAQ150,083650.KQ,BHI,KOSDAQ,Investing.com KOSDAQ150,2026-06-04
KOSDAQ150,084370.KQ,EugeneTechnology,KOSDAQ,Investing.com KOSDAQ150,2026-06-04
KOSDAQ150,085660.KQ,Chabiotech,KOSDAQ,Investing.com KOSDAQ150,2026-06-04
KOSDAQ150,086450.KQ,Dongkook Pharmaceutical,KOSDAQ,Investing.com KOSDAQ150,2026-06-04
KOSDAQ150,086520.KQ,Ecopro,KOSDAQ,Investing.com KOSDAQ150,2026-06-04
KOSDAQ150,086900.KQ,Medy-Tox,KOSDAQ,Investing.com KOSDAQ150,2026-06-04
KOSDAQ150,087010.KQ,Peptron,KOSDAQ,Investing.com KOSDAQ150,2026-06-04
KOSDAQ150,089030.KQ,Techwing,KOSDAQ,Investing.com KOSDAQ150,2026-06-04
KOSDAQ150,095340.KQ,ISC,KOSDAQ,Investing.com KOSDAQ150,2026-06-04
KOSDAQ150,095610.KQ,Tes,KOSDAQ,Investing.com KOSDAQ150,2026-06-04
KOSDAQ150,096530.KQ,Seegene,KOSDAQ,Investing.com KOSDAQ150,2026-06-04
KOSDAQ150,095660.KQ,Neowiz Games,KOSDAQ,Investing.com KOSDAQ150,2026-06-04
KOSDAQ150,098460.KQ,Koh Young Tech,KOSDAQ,Investing.com KOSDAQ150,2026-06-04
KOSDAQ150,101490.KQ,S&S Tech,KOSDAQ,Investing.com KOSDAQ150,2026-06-04
KOSDAQ150,101730.KQ,Wemade Max,KOSDAQ,Investing.com KOSDAQ150,2026-06-04
KOSDAQ150,108860.KQ,Selvas AI,KOSDAQ,Investing.com KOSDAQ150,2026-06-04
KOSDAQ150,112040.KQ,WeMade Entertainment,KOSDAQ,Investing.com KOSDAQ150,2026-06-04
KOSDAQ150,121600.KQ,Advanced Nano Products,KOSDAQ,Investing.com KOSDAQ150,2026-06-04
KOSDAQ150,122870.KQ,YG Entertainment,KOSDAQ,Investing.com KOSDAQ150,2026-06-04
KOSDAQ150,131290.KQ,TSE,KOSDAQ,Investing.com KOSDAQ150,2026-06-04
KOSDAQ150,131970.KQ,Doosan Tesna,KOSDAQ,Investing.com KOSDAQ150,2026-06-04
KOSDAQ150,137400.KQ,People & Tech,KOSDAQ,Investing.com KOSDAQ150,2026-06-04
KOSDAQ150,140860.KQ,Park Systems,KOSDAQ,Investing.com KOSDAQ150,2026-06-04
KOSDAQ150,141080.KQ,LigaChem Biosciences,KOSDAQ,Investing.com KOSDAQ150,2026-06-04
KOSDAQ150,145020.KQ,Hugel,KOSDAQ,Investing.com KOSDAQ150,2026-06-04
KOSDAQ150,194480.KQ,Devsisters,KOSDAQ,Investing.com KOSDAQ150,2026-06-04
KOSDAQ150,196170.KQ,Alteogen,KOSDAQ,Investing.com KOSDAQ150,2026-06-04
KOSDAQ150,200130.KQ,KolmarBNH,KOSDAQ,Investing.com KOSDAQ150,2026-06-04
KOSDAQ150,213420.KQ,Duk San Neolux,KOSDAQ,Investing.com KOSDAQ150,2026-06-04
KOSDAQ150,214150.KQ,Classys Inc,KOSDAQ,Investing.com KOSDAQ150,2026-06-04
KOSDAQ150,214370.KQ,Caregen,KOSDAQ,Investing.com KOSDAQ150,2026-06-04
KOSDAQ150,214430.KQ,i3system,KOSDAQ,Investing.com KOSDAQ150,2026-06-04
KOSDAQ150,214450.KQ,Pharma Reaserch Products,KOSDAQ,Investing.com KOSDAQ150,2026-06-04
KOSDAQ150,215000.KQ,Golfzon,KOSDAQ,Investing.com KOSDAQ150,2026-06-04
KOSDAQ150,215200.KQ,Mega Study Edu,KOSDAQ,Investing.com KOSDAQ150,2026-06-04
KOSDAQ150,218410.KQ,RFHIC,KOSDAQ,Investing.com KOSDAQ150,2026-06-04
KOSDAQ150,222080.KQ,Creative & Innovative System,KOSDAQ,Investing.com KOSDAQ150,2026-06-04
KOSDAQ150,222800.KQ,Simmtech,KOSDAQ,Investing.com KOSDAQ150,2026-06-04
KOSDAQ150,225570.KQ,Nexon Games,KOSDAQ,Investing.com KOSDAQ150,2026-06-04
KOSDAQ150,232140.KQ,YC Corp,KOSDAQ,Investing.com KOSDAQ150,2026-06-04
KOSDAQ150,240810.KQ,Wonik IPS,KOSDAQ,Investing.com KOSDAQ150,2026-06-04
KOSDAQ150,237690.KQ,ST Pharm,KOSDAQ,Investing.com KOSDAQ150,2026-06-04
KOSDAQ150,032820.KQ,Woori Tech,KOSDAQ,Investing.com KOSDAQ150,2026-06-04
KOSDAQ150,189300.KQ,Intellian Tech,KOSDAQ,Investing.com KOSDAQ150,2026-06-04
KOSDAQ150,241710.KQ,Cosmecca Korea,KOSDAQ,Investing.com KOSDAQ150,2026-06-04
KOSDAQ150,178320.KQ,Seojin System,KOSDAQ,Investing.com KOSDAQ150,2026-06-04
KOSDAQ150,183300.KQ,KoMiCo,KOSDAQ,Investing.com KOSDAQ150,2026-06-04
KOSDAQ150,101360.KQ,Eco Dream,KOSDAQ,Investing.com KOSDAQ150,2026-06-04
KOSDAQ150,161580.KQ,Philoptics,KOSDAQ,Investing.com KOSDAQ150,2026-06-04
KOSDAQ150,003380.KQ,Harim Holdings,KOSDAQ,Investing.com KOSDAQ150,2026-06-04
KOSDAQ150,272290.KQ,INNOX Materials,KOSDAQ,Investing.com KOSDAQ150,2026-06-04
KOSDAQ150,263750.KQ,PearlAbyss,KOSDAQ,Investing.com KOSDAQ150,2026-06-04
KOSDAQ150,171090.KQ,SUNIC SYSTEM,KOSDAQ,Investing.com KOSDAQ150,2026-06-04
KOSDAQ150,253450.KQ,Studio Dragon,KOSDAQ,Investing.com KOSDAQ150,2026-06-04
KOSDAQ150,281740.KQ,Lake Materials,KOSDAQ,Investing.com KOSDAQ150,2026-06-04
KOSDAQ150,166090.KQ,Hana Materials,KOSDAQ,Investing.com KOSDAQ150,2026-06-04
KOSDAQ150,042000.KQ,Cafe24,KOSDAQ,Investing.com KOSDAQ150,2026-06-04
KOSDAQ150,253590.KQ,Neosem,KOSDAQ,Investing.com KOSDAQ150,2026-06-04
KOSDAQ150,226950.KQ,OliX Pharmaceuticals,KOSDAQ,Investing.com KOSDAQ150,2026-06-04
KOSDAQ150,108490.KQ,ROBOTIS,KOSDAQ,Investing.com KOSDAQ150,2026-06-04
KOSDAQ150,247540.KQ,EcoPro BM,KOSDAQ,Investing.com KOSDAQ150,2026-06-04
KOSDAQ150,251970.KQ,Pumtech Korea,KOSDAQ,Investing.com KOSDAQ150,2026-06-04
KOSDAQ150,278280.KQ,Chunbo,KOSDAQ,Investing.com KOSDAQ150,2026-06-04
KOSDAQ150,290650.KQ,L&C Bio,KOSDAQ,Investing.com KOSDAQ150,2026-06-04
KOSDAQ150,298380.KQ,ABL Bio,KOSDAQ,Investing.com KOSDAQ150,2026-06-04
KOSDAQ150,319660.KQ,PSK,KOSDAQ,Investing.com KOSDAQ150,2026-06-04
KOSDAQ150,323280.KQ,Taesung,KOSDAQ,Investing.com KOSDAQ150,2026-06-04
KOSDAQ150,336570.KQ,Won Tech Co,KOSDAQ,Investing.com KOSDAQ150,2026-06-04
KOSDAQ150,204270.KQ,Jntc,KOSDAQ,Investing.com KOSDAQ150,2026-06-04
KOSDAQ150,304100.KQ,Saltlux,KOSDAQ,Investing.com KOSDAQ150,2026-06-04
KOSDAQ150,357780.KQ,Soulbrain,KOSDAQ,Investing.com KOSDAQ150,2026-06-04
KOSDAQ150,293490.KQ,Kakao Games,KOSDAQ,Investing.com KOSDAQ150,2026-06-04
KOSDAQ150,348210.KQ,Nextin,KOSDAQ,Investing.com KOSDAQ150,2026-06-04
KOSDAQ150,277810.KQ,Rainbow Robotics,KOSDAQ,Investing.com KOSDAQ150,2026-06-04
KOSDAQ150,352480.KQ,C C International,KOSDAQ,Investing.com KOSDAQ150,2026-06-04
KOSDAQ150,383310.KQ,Ecopro HN Co,KOSDAQ,Investing.com KOSDAQ150,2026-06-04
KOSDAQ150,195940.KQ,HK Inno.N,KOSDAQ,Investing.com KOSDAQ150,2026-06-04
KOSDAQ150,058970.KQ,Emro,KOSDAQ,Investing.com KOSDAQ150,2026-06-04
KOSDAQ150,257720.KQ,Silicon 2,KOSDAQ,Investing.com KOSDAQ150,2026-06-04
KOSDAQ150,348370.KQ,EnChem,KOSDAQ,Investing.com KOSDAQ150,2026-06-04
KOSDAQ150,376300.KQ,Dear U,KOSDAQ,Investing.com KOSDAQ150,2026-06-04
KOSDAQ150,211050.KQ,Incar Financial Service,KOSDAQ,Investing.com KOSDAQ150,2026-06-04
KOSDAQ150,388720.KQ,Yuilrobotics,KOSDAQ,Investing.com KOSDAQ150,2026-06-04
KOSDAQ150,399720.KQ,Gaonchips,KOSDAQ,Investing.com KOSDAQ150,2026-06-04
KOSDAQ150,310210.KQ,Voronoi,KOSDAQ,Investing.com KOSDAQ150,2026-06-04
KOSDAQ150,403870.KQ,HPSP,KOSDAQ,Investing.com KOSDAQ150,2026-06-04
KOSDAQ150,328130.KQ,Lunit,KOSDAQ,Investing.com KOSDAQ150,2026-06-04
KOSDAQ150,365340.KQ,SungEel HiTech,KOSDAQ,Investing.com KOSDAQ150,2026-06-04
KOSDAQ150,358570.KQ,GI Innovation,KOSDAQ,Investing.com KOSDAQ150,2026-06-04
KOSDAQ150,445680.KQ,Curiox BioSystems,KOSDAQ,Investing.com KOSDAQ150,2026-06-04
KOSDAQ150,417200.KQ,LS Materials,KOSDAQ,Investing.com KOSDAQ150,2026-06-04
KOSDAQ150,460930.KQ,Hyundai Hyms,KOSDAQ,Investing.com KOSDAQ150,2026-06-04
KOSDAQ150,347850.KQ,DND PharmaTech,KOSDAQ,Investing.com KOSDAQ150,2026-06-04
KOSDAQ150,466100.KQ,Clobot,KOSDAQ,Investing.com KOSDAQ150,2026-06-04
